{
	"format_version": "1.8.0",
	"animations": {
		"animation.giant_orthocone.swimming": {
			"loop": true,
			"animation_length": 2,
			"bones": {
				"shell1": {
					"position": {
						"0.0": [0, 0, 0],
						"1.0": [0, 1, 0],
						"2.0": [0, 0, 0]
					}
				},
				"armbase8": {
					"rotation": {
						"0.0": [22.77627, -24.98729, 0.84977],
						"1.0": [7.59262, -4.9971, 0.19391],
						"2.0": [22.77627, -24.98729, 0.84977]
					}
				},
				"armmid8": {
					"rotation": {
						"0.0": [2.55359, -14.99039, -0.22549],
						"0.5": [3.8616, -18.96664, -2.19726],
						"1.0": [-17.73243, 6.99327, -2.16665],
						"2.0": [2.55359, -14.99039, -0.22549]
					}
				},
				"armend8": {
					"rotation": {
						"0.0": [0, -5, 0],
						"0.5": [6.44483, -14.93902, -1.12111],
						"1.0": [-12.5, 2.5, 0],
						"1.5": [-21.44305, 14.87991, -2.20796],
						"2.0": [0, -5, 0]
					}
				},
				"armbase1": {
					"rotation": {
						"0.0": [10, 0, 0],
						"1.0": [2.5, 0, 0],
						"2.0": [10, 0, 0]
					}
				},
				"armmid1": {
					"rotation": {
						"0.0": [12.5, 0, 0],
						"0.5": [8.75, 0, 0],
						"1.0": [-15, 0, 0],
						"2.0": [12.5, 0, 0]
					}
				},
				"armend1": {
					"rotation": {
						"0.0": [12.5, 0, 0],
						"0.5": [15, 0, 0],
						"1.0": [-12.5, 0, 0],
						"1.5": [-22.5, 0, 0],
						"2.0": [12.5, 0, 0]
					}
				},
				"armbase2": {
					"rotation": {
						"0.0": [14.7216, 24.24053, -6.17616],
						"1.0": [-0.7955, 4.30908, -4.46418],
						"2.0": [14.7216, 24.24053, -6.17616]
					}
				},
				"armmid2": {
					"rotation": {
						"0.0": [7.5, 5, 0],
						"0.5": [10.08638, 13.76258, 0.17798],
						"1.0": [-2.52191, -2.4362, -0.97708],
						"2.0": [7.5, 5, 0]
					}
				},
				"armend2": {
					"rotation": {
						"0.0": [7.5, 12.5, 0],
						"0.5": [13.64355, 12.54021, -0.76928],
						"1.0": [-10.17128, 2.58318, -1.30008],
						"1.5": [-16.34432, -9.9537, -0.2423],
						"2.0": [7.5, 12.5, 0]
					}
				},
				"armbase3": {
					"rotation": {
						"0.0": [2.5, 15, 0],
						"1.0": [0, 5, 0],
						"2.0": [2.5, 15, 0]
					}
				},
				"armmid3": {
					"rotation": {
						"0.0": [0, 12.5, 0],
						"0.5": [0, 7.5, 0],
						"1.0": [0, -12.5, 0],
						"2.0": [0, 12.5, 0]
					}
				},
				"armend3": {
					"rotation": {
						"0.0": [0, 20, 0],
						"0.5": [0, 20, 0],
						"1.0": [0, -10, 0],
						"1.5": [0, -15, 0],
						"2.0": [0, 20, 0]
					}
				},
				"armbase4": {
					"rotation": {
						"0.0": [-6.46616, 12.10715, 3.38842],
						"1.0": [1.03384, 12.10715, 3.38842],
						"2.0": [-6.46616, 12.10715, 3.38842]
					}
				},
				"armmid4": {
					"rotation": {
						"0.0": [-7.85783, 19.91082, -1.38134],
						"0.5": [-6.31562, 4.02156, -0.58391],
						"1.0": [5.22659, -11.8677, 0.21353],
						"2.0": [-7.85783, 19.91082, -1.38134]
					}
				},
				"armend4": {
					"rotation": {
						"0.0": [-13.27463, 19.50645, -4.50432],
						"0.5": [-16.56341, 24.89903, -12.89163],
						"1.0": [28.25446, -13.05585, -8.7328],
						"1.5": [20.13608, -11.64569, -8.59259],
						"2.0": [-13.27463, 19.50645, -4.50432]
					}
				},
				"armbase7": {
					"rotation": {
						"0.0": [4.91581, -22.47207, 0.17832],
						"1.0": [5.53084, -2.55317, 2.08851],
						"2.0": [4.91581, -22.47207, 0.17832]
					}
				},
				"armmid7": {
					"rotation": {
						"0.0": [0.12076, -12.45167, -1.10693],
						"0.5": [0.12164, -11.20167, -1.10461],
						"1.0": [0.11838, 5.04829, -1.07047],
						"2.0": [0.12076, -12.45167, -1.10693]
					}
				},
				"armend7": {
					"rotation": {
						"0.0": [-2.5, -12.5, 0],
						"0.5": [-2.86161, -29.98058, 0.89111],
						"1.0": [-2.46167, 7.48163, -0.86215],
						"1.5": [-2.63711, 19.96897, -1.44092],
						"2.0": [-2.5, -12.5, 0]
					}
				},
				"armbase6": {
					"rotation": {
						"0.0": [-7.09816, -21.83741, -5.76101],
						"1.0": [1.0108, -9.53351, -3.46895],
						"2.0": [-7.09816, -21.83741, -5.76101]
					}
				},
				"armmid6": {
					"rotation": {
						"0.0": [-7.7614, -14.8687, 2.00307],
						"0.5": [1.25211, -14.25203, 1.46953],
						"1.0": [10.18968, 11.35889, 1.47822],
						"2.0": [-7.7614, -14.8687, 2.00307]
					}
				},
				"armend6": {
					"rotation": {
						"0.0": [-5, -17.5, 0],
						"0.5": [-16.52449, -22.79638, -0.9205],
						"1.0": [20.6398, 11.51215, 3.94583],
						"1.5": [32.98076, 11.86532, 4.03507],
						"2.0": [-5, -17.5, 0]
					}
				},
				"armbase5": {
					"rotation": {
						"0.0": [0, 0, 0],
						"1.0": [17.5, 0, 0],
						"2.0": [0, 0, 0]
					}
				},
				"armmid5": {
					"rotation": {
						"0.0": [-15, 0, 0],
						"0.5": [-15, 0, 0],
						"1.0": [5, 0, 0],
						"2.0": [-15, 0, 0]
					}
				},
				"armend5": {
					"rotation": {
						"0.0": [-10, 0, 0],
						"0.5": [-15, 0, 0],
						"1.0": [25, 0, 0],
						"1.5": [27.5, 0, 0],
						"2.0": [-10, 0, 0]
					}
				}
			}
		},
		"animation.giant_orthocone.beached": {
			"loop": true,
			"animation_length": 3,
			"bones": {
				"shell1": {
					"rotation": {
						"0.0": [-7.5, 0, 0],
						"1.0": [-7.5, 0, 0],
						"2.0": [-7.5, 0, 0],
						"3.0": [-7.5, 0, 0]
					},
					"position": {
						"0.0": [0, 1, 0],
						"1.0": [0, 1, 0],
						"2.0": [0, 1, 0],
						"3.0": [0, 1, 0]
					}
				},
				"head": {
					"rotation": {
						"0.0": [10, 0, 0],
						"1.0": [10, 0, 0],
						"2.0": [10, 0, 0],
						"3.0": [10, 0, 0]
					}
				},
				"armbase8": {
					"rotation": {
						"0.0": [29.61997, -26.74336, 5.51305],
						"1.0": [29.61997, -26.74336, 5.51305],
						"2.0": [29.61997, -26.74336, 5.51305],
						"3.0": [29.61997, -26.74336, 5.51305]
					}
				},
				"armmid8": {
					"rotation": {
						"0.0": [12.5, 0, 0],
						"1.0": [12.5, 0, 0],
						"1.5": [-7.67995, 12.39135, -1.6575],
						"2.0": [12.5, 0, 0],
						"2.5": [-7.67995, 12.39135, -1.6575],
						"3.0": [12.5, 0, 0]
					}
				},
				"armend8": {
					"rotation": {
						"0.0": [-32.5, 0, 0],
						"1.0": [-32.5, 0, 0],
						"1.5": [18.84359, -21.40584, -7.09999],
						"2.0": [-32.5, 0, 0],
						"2.5": [18.84359, -21.40584, -7.09999],
						"3.0": [-32.5, 0, 0]
					}
				},
				"armbase1": {
					"rotation": {
						"0.0": [35.09518, 9.51031, 3.09597],
						"1.0": [35.09518, 9.51031, 3.09597],
						"2.0": [35.09518, 9.51031, 3.09597],
						"3.0": [35.09518, 9.51031, 3.09597]
					}
				},
				"armmid1": {
					"rotation": {
						"0.0": [0, 0, 0],
						"1.0": [0, 0, 0],
						"1.5": [-12.5, 0, 0],
						"2.5": [-12.5, 0, 0],
						"3.0": [0, 0, 0]
					}
				},
				"armend1": {
					"rotation": {
						"0.0": [-27.5209, -2.26564, 1.0571],
						"1.0": [-27.5209, -2.26564, 1.0571],
						"1.5": [7.5, 0, 0],
						"2.0": [-25, 0, 0],
						"2.5": [7.5, 0, 0],
						"3.0": [-27.5209, -2.26564, 1.0571]
					}
				},
				"armbase2": {
					"rotation": {
						"0.0": [32.47658, 28.92662, -8.4115],
						"1.0": [32.47658, 28.92662, -8.4115],
						"2.0": [32.47658, 28.92662, -8.4115],
						"3.0": [32.47658, 28.92662, -8.4115]
					}
				},
				"armend2": {
					"rotation": {
						"0.0": [-12.5, 17.5, 0],
						"1.0": [-12.5, 17.5, 0],
						"1.5": [-27.17553, -11.83747, 6.34825],
						"2.0": [-12.5, 17.5, 0],
						"2.5": [-27.17553, -11.83747, 6.34825],
						"3.0": [-12.5, 17.5, 0]
					}
				},
				"armbase3": {
					"rotation": {
						"0.0": [12.5, 17.5, 0],
						"1.0": [12.5, 17.5, 0],
						"2.0": [12.5, 17.5, 0],
						"3.0": [12.5, 17.5, 0]
					}
				},
				"armmid3": {
					"rotation": {
						"0.0": [-2.5, 0, 0],
						"1.0": [-2.5, 0, 0],
						"2.0": [-2.5, 0, 0],
						"3.0": [-2.5, 0, 0]
					}
				},
				"armend3": {
					"rotation": {
						"0.0": [-15, 0, 0],
						"1.0": [-15, 0, 0],
						"2.0": [-15, 0, 0],
						"3.0": [-15, 0, 0]
					}
				},
				"armbase4": {
					"rotation": {
						"0.0": [-12.5, 0, 0],
						"1.0": [-12.5, 0, 0],
						"2.0": [-12.5, 0, 0],
						"3.0": [-12.5, 0, 0]
					}
				},
				"armmid4": {
					"rotation": {
						"0.0": [-5, 0, 0],