{
	"format_version": "1.8.0",
	"animations": {
		"animation.giant_orthocone.swimming": {
			"loop": true,
			"animation_length": 2,
			"bones": {
				"shell1": {
					"position": {
						"0.0": {
							"vector": [0, 0, 0]
						},
						"1.0": {
							"vector": [0, 1, 0],
							"easing": "linear"
						},
						"2.0": {
							"vector": [0, 0, 0]
						}
					}
				},
				"armbase8": {
					"rotation": {
						"0.0": {
							"vector": [22.77627, -24.98729, 0.84977]
						},
						"1.0": {
							"vector": [7.59262, -4.9971, 0.19391]
						},
						"2.0": {
							"vector": [22.77627, -24.98729, 0.84977]
						}
					}
				},
				"armmid8": {
					"rotation": {
						"0.0": {
							"vector": [2.55359, -14.99039, -0.22549]
						},
						"0.5": {
							"vector": [3.8616, -18.96664, -2.19726]
						},
						"1.0": {
							"vector": [-17.73243, 6.99327, -2.16665]
						},
						"2.0": {
							"vector": [2.55359, -14.99039, -0.22549]
						}
					}
				},
				"armend8": {
					"rotation": {
						"0.0": {
							"vector": [0, -5, 0]
						},
						"0.5": {
							"vector": [6.44483, -14.93902, -1.12111]
						},
						"1.0": {
							"vector": [-12.5, 2.5, 0]
						},
						"1.5": {
							"vector": [-21.44305, 14.87991, -2.20796]
						},
						"2.0": {
							"vector": [0, -5, 0]
						}
					}
				},
				"armbase1": {
					"rotation": {
						"0.0": {
							"vector": [10, 0, 0]
						},
						"1.0": {
							"vector": [2.5, 0, 0]
						},
						"2.0": {
							"vector": [10, 0, 0]
						}
					}
				},
				"armmid1": {
					"rotation": {
						"0.0": {
							"vector": [12.5, 0, 0]
						},
						"0.5": {
							"vector": [8.75, 0, 0]
						},
						"1.0": {
							"vector": [-15, 0, 0]
						},
						"2.0": {
							"vector": [12.5, 0, 0]
						}
					}
				},
				"armend1": {
					"rotation": {
						"0.0": {
							"vector": [12.5, 0, 0]
						},
						"0.5": {
							"vector": [15, 0, 0]
						},
						"1.0": {
							"vector": [-12.5, 0, 0]
						},
						"1.5": {
							"vector": [-22.5, 0, 0]
						},
						"2.0": {
							"vector": [12.5, 0, 0]
						}
					}
				},
				"armbase2": {
					"rotation": {
						"0.0": {
							"vector": [14.7216, 24.24053, -6.17616]
						},
						"1.0": {
							"vector": [-0.7955, 4.30908, -4.46418]
						},
						"2.0": {
							"vector": [14.7216, 24.24053, -6.17616]
						}
					}
				},
				"armmid2": {
					"rotation": {
						"0.0": {
							"vector": [7.5, 5, 0]
						},
						"0.5": {
							"vector": [10.08638, 13.76258, 0.17798]
						},
						"1.0": {
							"vector": [-2.52191, -2.4362, -0.97708]
						},
						"2.0": {
							"vector": [7.5, 5, 0]
						}
					}
				},
				"armend2": {
					"rotation": {
						"0.0": {
							"vector": [7.5, 12.5, 0]
						},
						"0.5": {
							"vector": [13.64355, 12.54021, -0.76928]
						},
						"1.0": {
							"vector": [-10.17128, 2.58318, -1.30008]
						},
						"1.5": {
							"vector": [-16.34432, -9.9537, -0.2423]
						},
						"2.0": {
							"vector": [7.5, 12.5, 0]
						}
					}
				},
				"armbase3": {
					"rotation": {
						"0.0": {
							"vector": [2.5, 15, 0]
						},
						"1.0": {
							"vector": [0, 5, 0]
						},
						"2.0": {
							"vector": [2.5, 15, 0]
						}
					}
				},
				"armmid3": {
					"rotation": {
						"0.0": {
							"vector": [0, 12.5, 0]
						},
						"0.5": {
							"vector": [0, 7.5, 0]
						},
						"1.0": {
							"vector": [0, -12.5, 0]
						},
						"2.0": {
							"vector": [0, 12.5, 0]
						}
					}
				},
				"armend3": {
					"rotation": {
						"0.0": {
							"vector": [0, 20, 0]
						},
						"0.5": {
							"vector": [0, 20, 0]
						},
						"1.0": {
							"vector": [0, -10, 0]
						},
						"1.5": {
							"vector": [0, -15, 0]
						},
						"2.0": {
							"vector": [0, 20, 0]
						}
					}
				},
				"armbase4": {
					"rotation": {
						"0.0": {
							"vector": [-6.46616, 12.10715, 3.38842]
						},
						"1.0": {
							"vector": [1.03384, 12.10715, 3.38842]
						},
						"2.0": {
							"vector": [-6.46616, 12.10715, 3.38842]
						}
					}
				},
				"armmid4": {
					"rotation": {
						"0.0": {
							"vector": [-7.85783, 19.91082, -1.38134]
						},
						"0.5": {
							"vector": [-6.31562, 4.02156, -0.58391]
						},
						"1.0": {
							"vector": [5.22659, -11.8677, 0.21353]
						},
						"2.0": {
							"vector": [-7.85783, 19.91082, -1.38134]
						}
					}
				},
				"armend4": {
					"rotation": {
						"0.0": {
							"vector": [-13.27463, 19.50645, -4.50432]
						},
						"0.5": {
							"vector": [-16.56341, 24.89903, -12.89163]
						},
						"1.0": {
							"vector": [28.25446, -13.05585, -8.7328]
						},
						"1.5": {
							"vector": [20.13608, -11.64569, -8.59259]
						},
						"2.0": {
							"vector": [-13.27463, 19.50645, -4.50432]
						}
					}
				},
				"armbase7": {
					"rotation": {
						"0.0": {
							"vector": [4.91581, -22.47207, 0.17832]
						},
						"1.0": {
							"vector": [5.53084, -2.55317, 2.08851]
						},
						"2.0": {
							"vector": [4.91581, -22.47207, 0.17832]
						}
					}
				},
				"armmid7": {
					"rotation": {
						"0.0": {
							"vector": [0.12076, -12.45167, -1.10693]
						},
						"0.5": {
							"vector": [0.12164, -11.20167, -1.10461]
						},
						"1.0": {
							"vector": [0.11838, 5.04829, -1.07047]
						},
						"2.0": {
							"vector": [0.12076, -12.45167, -1.10693]
						}
					}
				},
				"armend7": {
					"rotation": {
						"0.0": {
							"vector": [-2.5, -12.5, 0]
						},
						"0.5": {
							"vector": [-2.86161, -29.98058, 0.89111]
						},
						"1.0": {
							"vector": [-2.46167, 7.48163, -0.86215]
						},
						"1.5": {
							"vector": [-2.63711, 19.96897, -1.44092]
						},
						"2.0": {
							"vector": [-2.5, -12.5, 0]
						}
					}
				},
				"armbase6": {
					"rotation": {
						"0.0": {
							"vector": [-7.09816, -21.83741, -5.76101]
						},
						"1.0": {
							"vector": [1.0108, -9.53351, -3.46895]
						},
						"2.0": {
							"vector": [-7.09816, -21.83741, -5.76101]
						}
					}
				},
				"armmid6": {
					"rotation": {
						"0.0": {
							"vector": [-7.7614, -14.8687, 2.00307]
						},
						"0.5": {
							"vector": [1.25211, -14.25203, 1.46953]
						},
						"1.0": {
							"vector": [10.18968, 11.35889, 1.47822]
						},
						"2.0": {
							"vector": [-7.7614, -14.8687, 2.00307]
						}
					}
				},
				"armend6": {
					"rotation": {
						"0.0": {
							"vector": [-5, -17.5, 0]
						},
						"0.5": {
							"vector": [-16.52449, -22.79638, -0.9205]
						},
						"1.0": {
							"vector": [20.6398, 11.51215, 3.94583]
						},
						"1.5": {
							"vector": [32.98076, 11.86532, 4.03507]
						},
						"2.0": {
							"vector": [-5, -17.5, 0]
						}
					}
				},
				"armbase5": {
					"rotation": {
						"0.0": {
							"vector": [0, 0, 0]
						},
						"1.0": {
							"vector": [17.5, 0, 0]
						},
						"2.0": {
							"vector": [0, 0, 0]
						}
					}
				},
				"armmid5": {
					"rotation": {
						"0.0": {
							"vector": [-15, 0, 0]
						},
						"0.5": {
							"vector": [-15, 0, 0]
						},
						"1.0": {
							"vector": [5, 0, 0]
						},
						"2.0": {
							"vector": [-15, 0, 0]
						}
					}
				},
				"armend5": {
					"rotation": {
						"0.0": {
							"vector": [-10, 0, 0]
						},
						"0.5": {
							"vector": [-15, 0, 0]
						},
						"1.0": {
							"vector": [25, 0, 0]
						},
						"1.5": {
							"vector": [27.5, 0, 0]
						},
						"2.0": {
							"vector": [-10, 0, 0]
						}
					}
				}
			}
		}
	},
	"geckolib_format_version": 2
}