{
	"format_version": "1.8.0",
	"animations": {
		"animation.coelacanth.beached": {
			"loop": true,
			"animation_length": 1.66667,
			"bones": {
				"main_body": {
					"rotation": {
						"0.0": [0, 0, -90],
						"1.0": [0, 0, -90],
						"1.125": [0, -35, -90],
						"1.5": [0, 0, -90],
						"1.6667": [0, 0, -90]
					},
					"position": {
						"0.0": [0, -1, 0],
						"1.0": [0, -1, 0],
						"1.125": [0, 2, 0],
						"1.5": [0, -1, 0],
						"1.6667": [0, -1, 0]
					}
				},
				"lower_body_1": {
					"rotation": {
						"0.0": [0, 0, 0],
						"0.5": [0, 17.5, 0],
						"0.75": [0, 27.5, 0],
						"1.0": [0, 0, 0],
						"1.25": [0, 10, 0],
						"1.5": [0, 0, 0],
						"1.6667": [0, 0, 0]
					},
					"position": {
						"0.0": [0, 0, 0],
						"1.0": [0, 0, 0],
						"1.5": [0, 0, 0],
						"1.6667": [0, 0, 0]
					}
				},
				"lower_body_2": {
					"rotation": {
						"0.0": [0, 0, 0],
						"0.5": [0, -15, 0],
						"0.75": [0, 40, 0],
						"1.0": [0, 0, 0],
						"1.25": [0, 25, 0],
						"1.5": [0, 0, 0],
						"1.6667": [0, 0, 0]
					},
					"position": {
						"0.0": [0, 0, 0],
						"1.0": [0, 0, 0],
						"1.5": [0, 0, 0],
						"1.6667": [0, 0, 0]
					}
				},
				"head_1": {
					"rotation": {
						"0.0": [0, 0, 0],
						"1.0": [0, 0, 0],
						"1.5": [0.25452, -27.48183, -1.04081],
						"1.6667": [0, 0, 0]
					},
					"position": {
						"0.0": [0, 0, 0],
						"1.0": [0, 0, 0],
						"1.5": [0, 0, 0],
						"1.6667": [0, 0, 0]
					}
				}
			}
		},
		"animation.coelacanth.attack": {
			"animation_length": 0.84,
			"bones": {
				"main_body": {
					"rotation": {
						"0.0": [0, 0, 0],
						"0.84": [0, 0, 0]
					}
				},
				"jaw": {
					"rotation": {
						"0.0": [0, 0, 0],
						"0.24": [15, 0, 0],
						"0.44": [0, 0, 0]
					}
				}
			}
		}
	}
}